,drama_title,date,blog_title,writer,contents
0,멜로가 체질 드라마,2019.08.07.,"[신작 금토드라마] JTBC 멜로가 체질 간단 줄거리 및 인물 소개 : 본격 수다 블록버스터, 3인 3색 세 친구의 일상, 연애 속으로 !",차카니의 잡다한 일...,바로바로 JTBC 금토드라마 멜로가 체질입니다. 본격 수다 블록버스터라는 부제답게 3인 3색 친구들의 일상과 연애사를 재밌게 풀어낸 드라마 같더라구요~ 그럼 지금부터...
1,멜로가 체질 드라마,2019.08.06.,JTBC 금토드라마 '멜로가 체질' 등장인물 및 인물관계도 내용 줄거리,FeatherAs,"JTBC 금토 드라마 '멜로가 체질' 방송기간 2019. 8. 9 ~ (매주 금토 밤 10시 50분) 제작사 삼화네트웍스 연출 이병헌 극본 이병헌, 김영영 출연 천우회, 전여빈, 한지은, 안재홍..."
2,멜로가 체질 드라마,2019.07.09.,"냉부해 천우희 새 금토드라마, 멜로가체질",광개토 부동산,"천우희 2년만에 드라마 복귀 jtbc 금토드라마 '멜로가체질' 7월26일 금요일 밤11시 첫방송되는 '멜로가체질'드라마 서른살 여자친구들의 고민, 연애, 일상을 그린..."
3,멜로가 체질 드라마,2019.08.08.,JTBC 드라마_ 멜로가 체질 [제작발표회],라쏠라의 소근소근♪,그녀들의 수다파티가 시작된다!JTBC 금토드라마 〈멜로가 체질〉8월 9일 (금) 첫 방송! mtv.jtbc.joins.com 하이라이트영상을 보는데 웃음이 빵빵 터져서 집중하느라 사진은...
4,멜로가 체질 드라마,2019.08.03.,NO55. 낙성대속눈썹/ 서울대입구속눈썹 Jtbc 새로운 금토드라마 멜로가 체질 -천우희 스타일 알아보기,The 뷰티샵,안녕하세요 더뷰티샵/오롯이 컬러입니다~^^ 오늘은 다음 주에 새로 방영할 jtbc 금토 드라마 멜로가 체질 주인공인 천우희 씨에 대해 알아보도록 할게요~ 주인공은...
6,멜로가 체질 드라마,2019.08.01.,JTBC_금토드라마_멜로가 체질_티저&OST 모음...,다영아빠의 일상이야...,"JTBC 금토드라마 '멜로가 체질' 서른, 견디기 힘든 현실 속에서도 서른 살 이기에 아직 꿈을 꾸는 그들... 일과 연애에 대한 고민을 친구들에게 털어놓고 위로 받으며..."
7,멜로가 체질 드라마,2019.07.31.,멜로가 체질 천우희 주연 수다 블록버스터 어떤 드라마일까요??,♡여자라서 행복해요...,배우 천우희가 이번에는 스크린이 아닌 드라마 심지어 로맨틱 코믹 드라마로 옵니다 JTBC드라마 <멜로가 체질> 에서 서른 살 작가 임진주로 완벽 변신한다고 합니다 8월...
8,멜로가 체질 드라마,2019.07.09.,"멜로가 체질 JTBC 드라마 / 이병헌 감독 / 천우희, 안재홍, 공명, 전여빈, 한지은 / 메이킹 영상, 첫방송일, 인물관계도",EASE BY SUNDAY,"그와 함께 곧 첫 방송 될 '멜로가 체질' 드라마에 대한 관심이 높아지고 있는데요, 하나씩 살펴볼까요? 먼저, JTBC 드라마 '멜로가 체질'의 첫 방송일은 7월 26일..."
9,멜로가 체질 드라마,2019.08.08.,천만 감독이 만드는 JTBC 신작드라마 '멜로가 체질' 인물관계도,아이의 눈으로 그린...,"JTBC 금토드라마 #멜로가체질 의 연출을 맡았는데요. 김우빈, 강하늘 주연 '스물'로 가능성을 알리고 무려 1600만이라는 기록적인 스코어를 기록한 '극한직업'으로..."
10,멜로가 체질 드라마,2019.07.09.,천우희 주연 드라마 '멜로가 체질' 첫방! feat.레베니아,레베니아 공식블로그...,이번 방영되는 드라마 멜로가 체질에서 조금 집중적으로 봐야할 부분이 있다면 안재홍과 천우희의 감정. 사랑스러운 두 배우의 연기력이 기대된다. - 널뛰는 감정선...
12,멜로가 체질 드라마,2019.08.08.,드라마 멜로가 체질 등장인물 관계도,날개야 돋아라,"JTBC 금토드라마 멜로가 체질 8월 9일 금요일 밤 10시 50분 첫 방송 서른 살 여자 친구들의 고민, 연애, 일상을 그린 코믹 드라마 멜로가 체질 기획의도 서른 되면 어른 될 줄..."
13,멜로가 체질 드라마,2019.08.08.,멜로가 체질 등장인물관계도 몇부작 줄거리 재방송 JTBC 금토드라마 보좌관 후속,에바그린님의 블로그,be/rMXxhgQp85s 출처:유튜브 JTBC Drama JTBC 금토드라마 멜로가 체질 등장인물 천우희 전여빈 한지은 안재홍 공명 출처:JTBC 멜로가 체질 공식홈페이지 제작사:삼화네트웍스...
14,멜로가 체질 드라마,2019.08.04.,멜로가체질 : 위트의 말맛 첨가된 현실적 서른이야기? - 새금토드라마 멜체 등장인물 소개 (천우희x안재홍x공명x전여빈 등) - 김도연-이하늬 특별출연 누구?,퍼블릭에프알,<멜로가체질>드라마에는 ' 수다 블록버스터'라는 문구 가 있었는데요. 배우들이 대본 속 긴 대사 를 살짝 보여주기도 했죠. 대사들이 공감할 수 있는 내용인데 '위트...
16,멜로가 체질 드라마,2019.08.06.,드라마 멜로가 체질 등장인물관계도 천우희 전여빈 주연,너는 잘 할수 있는 ...,드라마 멜로가 체질 등장인물관계도 천우희 전여빈 주연. 안녕하세요 여러분~~ 깊은 밤이 찾아왔습니다!! 원래는 오늘 좀 일찍 쓰고 푹 쉬려고 했는데 뭔가 다른 일을...
17,멜로가 체질 드라마,2019.07.30.,"멜로가체질 천우희, 안재홍 새롭게 시작하는 JTBC 금토드라마",스마트 블로그,"오늘은 새롭게 시작되는 드라마 ""멜로가 체질""에서 주인공을 맡은 배우'천우희', 배우'안재홍'의 드라마 속 수다 현장 사진이 공개됐다. JTBC에서 새롭게 시작하는..."
18,멜로가 체질 드라마,2019.08.08.,멜로가 체질 천우희 패션 속 시계 고급스러웠던 페라가모 워치 간치니 슬림,이상한 나라의 망고,"되는 드라마! 멜로가 체질 천우희 패션 속 시계가 너무 예뻐서 막 찾아보니 페라가모 워치 였어요 :) 디자인도 무척 고급스러운데다가, 다양한 코디나 오피스룩에 특히..."
19,멜로가 체질 드라마,2019.07.31.,히다마리 JTBC 드라마협찬 가구 의자 [멜로가 체질],히다마리 체어 : : ...,"이번 이병헌 감독님의 멜로가 체질의 드라마가 8월9일부터 첫방송이 된답니다. 방송시간은 금,토 10:50분부터 드라마의 소개 서른 살 여자 친구들의 고민, 연애, 일상을..."
20,멜로가 체질 드라마,2019.08.05.,안재홍 드라마 JTBC 멜로가체질 포스터 - 맞춤정장 브랜드 루쏘소,루쏘소 광주점,안재홍 드라마 JTBC 멜로가체질 포스터 - 맞춤정장 브랜드 루쏘소 안녕하세요 광주 맞춤정장 루쏘소 광주점 블로그에 오신 여러분 환영 합니다 여름철 장마가 끝나면...
21,멜로가 체질 드라마,2019.08.08.,jtbc드라마'멜로가 체질' _터치우드 주방가구 원목싱크대.아일랜드싱크대 출연~^^,터치우드 키친 & 퍼...,8월 9일 첫방송되는jtbc 드라마 '멜로가 체질'에서 터치우드의 예쁜 원목싱크대를 찾아 보실 수 있어요 . ' 극한직업' 이병헌 감독의 첫 드라마 데뷔작에 여배우'천우희...
23,멜로가 체질 드라마,2019.07.30.,[멜로가 체질] 천우희 안재홍의 jtbc 새 드라마 미리보기!,Merry Everyday!,#멜로가체질 #이병헌신작 #천우희시계 #페레가모시계 #천우희드라마 #천우희안재홍 #안재홍다이어트 #전여빈 #한지은 #공명 #jtbc멜로가체질 #멜로가체질첫방송...
24,멜로가 체질 드라마,2019.07.09.,"냉장고를 부탁해 배우 천우희 출연 화제, 김혜수 손키스 언급 // 드라마 멜로가 체질, 한공주",미사처음처럼공인 김...,"미사처음처럼공인 김성은 부장입니다 어제 방송된 냉장고를 부탁해에서는 새 드라마 멜로가 체질 주인공인 천우희, 안재홍이 게스트로 출연했습니다. 천우희는..."
25,멜로가 체질 드라마,2019.08.07.,멜로가 체질 천우희 패션 시계는 페라가모 워치 간치니 슬림 ♡,Mujer Bonita,그럼 오늘은 여기까지 :) *** 사진 출처 : 'JTBC 멜로가 체질' *** *** 사진 출처 : 'JTBC 멜로가 체질' *** JTBC 드라마 멜로가 체질 드라마도 대박나고 우리 천우희 배우님도...
26,멜로가 체질 드라마,2019.08.08.,멜로가 체질 등장인물관계도 : 천우희 전여빈 한지은 안재홍 공명,별하's 감성드라마&...,"이번에 소개해드릴 드라마는 #천우희, #전여빈, #한지은, #안재홍, #공명 주연의 jtbc #금토드라마 멜로가 체질입니다. 이 드라마는 제목이 어딘가 익숙해서 이번에도..."
27,멜로가 체질 드라마,2019.08.01.,멜로가 체질 인물관계도 몇부작 간단한 줄거리 보기!,어제 오늘 그리고 내...,오래오래 행복하게 살았답니다???ㅋㅋㅋㅋㅋ 멜로가 체질 첫 드라마 주연 도전이라는 은정 그녀가 어떤 연기를 펼칠지 기대가 된다. 멜로가 체질 인물관계도 살펴볼까?...
30,멜로가 체질 드라마,2019.07.09.,"천우희, JTBC 멜로가 체질로 드라마 복귀~",elliote님의블로그,"출처: CBS노컷뉴스 최영주 기자 26일 첫 방송하는 JTBC 금토드라마 멜로가 체질은 서른 살 여자 친구들의 고민, 연애, 일상을 그린 드라마입니다~ 드라마 감독은..."
31,멜로가 체질 드라마,2019.08.05.,"멜로가 체질 등장인물 소개 천우희, 전여빈, 한지은, 안재홍, 공명과 에릭남의 만남",쉬엄쉬엄 달려간다,영화 극한 직업에서 우리를 빵빵 터트려주셨는데~ 그런 묘미가 이번 드라마에도 들어있다니 더욱 기대된다. 멜로가 체질 본격 수다 블록버스터~! 0회 서른되면...
32,멜로가 체질 드라마,2019.08.07.,"[멜로가 체질 천우희 패션 :: 셔츠, 청바지, 시계 정보 알려드릴게]",오피스룩 + 패션 ::...,"09부터 매주 금, 토 PM10:50 JTBC 방영 예정인 멜로가 체질 서른 살 여자 친구들의 고민, 연애, 일상을 그린 코믹 드라마 천우희 X 전여빈 X 한지은 세 분은 이미 많이..."
33,멜로가 체질 드라마,2019.08.08.,"멜로가 체질 인물관계도 및 줄거리 (천우희, 안재홍, 전여빈, 한지은, 공명)",히뎀언니의 오늘,본격 수다 블록버스터 〈멜로가 체질〉 #멜로가체질 #멜로가체질인물관계도 #멜로가체질줄거리 #멜로가체질드라마 #이병헌감독 #극한직업감독 #금토드라마 #천우희...
34,멜로가 체질 드라마,2019.07.26.,멜로가체질 천우희 시계패션은 페라가모 타임피스~,엘리스 러블리 데이...,실제로 드라마 멜로가체질 천우희 역할이 극중 드라마 작가로 커리어 우먼으로 등장한다고 하는데 그녀의 스타일을 미리 만나보는 듯 한 느낌이 들어서 눈길을...
36,멜로가 체질 드라마,2019.07.27.,멜로가 체질 천우희 시계패션은 페라가모 타임피스 화보에서 만나봤어요,꽃보다케이양 달콤한...,홍홍- 이번 화보를 보니깐 페라가모 타임피스의 공식 제작 지원 JTBC 금토 드라마 <멜로가 체질>에서는 어떠한 패션을 보여줄지 벌써부터 기대가 되는데요. 전에 없던...
39,멜로가 체질 드라마,2019.08.04.,JTBC 멜로가체질 : 등장인물소개&1회미리보기 움짤,"miserable,console",- 찌찌뽕! *이 콘텐츠는 JTBC스토리퀸 활동으로 작성된 글입니다* #금토드라마 #이병헌감독 #멜로가체질등장인물 #멜로가체질1회 #JTBC드라마
42,멜로가 체질 드라마,2019.08.01.,멜로가 체질 인물관계도 안재홍 천우희 전여빈 한지은 공명 몇부작,급상승검색어,오늘 소개할 드라마는 8월 9일 방영될 '보좌관' 후속 JTBC 새 금토드라마 ‘멜로가 체질’ 입니다. 멜로가 체질 인물관계도 천우희 배우 (천우희 배우 인스타그램)...
43,멜로가 체질 드라마,2019.07.27.,멜로가 체질 인물관계도 천우희 전여빈 한지은 안재홍 공명 (JTBC 금토드라마),새벽달의 감성다락방,#보좌관 시즌1 후속 JTBC 8월 드라마 멜로가 체질 몇부작/줄거리/등장인물 천우희 전여빈 한지은 안재홍 공명 인물관계도 멜로가 체질 티저 영상과 함께 관련된...
45,멜로가 체질 드라마,2019.08.05.,멜로가 체질 인물관계도 등장인물 천우희 전여빈 한지은 안재홍 공명,체리별,"드라마는 바로 멜로가 체질입니다. 이번 멜로가 체질은 그냥 믿고 보겠습니다. 바로 극한직업의 감독 이병헌이 연출을 맡았습니다. 멜로가 체질은 천우희, 전여빈..."
47,멜로가 체질 드라마,2019.08.02.,멜로가 체질 우리의 ‘멜로 생존권’을 보장하라! 보장하라!,속옷브랜드 아임셀럽,친구 사이인 30대 여자 주인공 3명의 꿈과 사랑을 중심으로 다룬 코믹 멜로 드라마 <멜로가 체질> 과연 어떤 내용으로 어떤 모습을 공감 있게 풀어나갈지 기대됩니다....
48,멜로가 체질 드라마,2019.08.05.,jtbc 멜로가체질 (내용줄거리/등장인물/인물관계도/방영일),기특한블로그,기대되는 코믹드라마 멜로가체질에대해서 포스팅하려합니다. jtbc 멜로가체질 8월9일 금요일 밤 10시 50분 첫방송! 매주 금토 밤10시50분 방송됨 < jtbc 멜로가체질...
49,멜로가 체질 드라마,2019.08.06.,[멜로가 체질]오픈!!!,씨네폭스 블로그,"JTBC 새드라마 ""멜로가 체질"" 씨네폭스 VOD/다운로드 서비스 OPEN! 영화 '스물','극한직업'의 이병헌 감독 연출 & 극본(김영영 작가 공동)!! 천우희, 전여빈, 한지은..."
50,멜로가 체질 드라마,2019.08.07.,천우희 나이 키 인스타 멜로가체질 너무 예쁘다,하레,다행히 슬럼프를 잘 벼터내고 현재 방영예정인 드라마 멜로가체질 촬영에 열심히 인거같더라고요~ 최근 냉장고를부탁해 에 안재홍씨와 같이 출연을 하게 되었는데...
52,멜로가 체질 드라마,2019.07.25.,190724 JTBC 공식 인스타그램 드라마 '멜로가체질' 한지은 자켓 정보 잇미샤 (it MICHAA),스타패션 매거진,190724 JTBC 공식 인스타그램 드라마 '멜로가체질' 한지은 자켓 정보 잇미샤 (it MICHAA) JTBC 공식 인스타그램 계정에 8월 9일 첫 방송 되는 드라마 '멜로가 체질...
54,멜로가 체질 드라마,2019.07.09.,"멜로가 체질 천우희 나이, 키, 몸매, 오빠, 엄마, 식당, 안재홍, 인스타그램 등",파이어족 '퐈마'의 ...,"Jtbc 드라마 멜로가 체질에 관해 알아보자. 천우희 나이, 키, 학력 등- Cheon Uhui profile 이름: 천우희 (Cheon Uhui) 2019년 07월 09일 기준 나이: 1987년 04월 20일 / 33세(만 32세)..."
55,멜로가 체질 드라마,2019.08.02.,한지은 나이 학교 키 인스타 멜로가 체질 천우희 안재홍 전여빈,급상승검색어,금토드라마 ‘멜로가 체질’ ... blog.naver.com 안재홍 다이어트 비법 차기작 천우희 멜로가 체질 냉부해 7월 8일 JTBC '냉장고를 부탁해' 게스트는 천우희 배우와 안재홍...
56,멜로가 체질 드라마,2019.07.30.,남자배우 이유진 키 나이 멜로가체질,복합기임대 복사기렌...,남자배우 이유진 키 나이 멜로가체질 이번에 새롭게 시작하는 드라마인 <멜로가 체질>에서 김환동역을 맡은 배우 이유진씨! 이유진이라는 이름이 흔한데 남자배우...
58,멜로가 체질 드라마,2019.07.09.,[JTBC] 190708 냉장고를 부탁해 234회 (이병헌 연출 멜로가체질 천우희 안재홍편),Songi Blog .,냉장고를 부탁해 234회 리뷰 제 기준 올 하반기 가장 기대되는 드라마 <멜로가 체질>의 천우희 안재홍 배우에요. 7월말이 너무 기다려져요. 극본/연출 모두 극한직업을...
60,멜로가 체질 드라마,2019.07.30.,jtbc멜로가체질포스터'한지은',제니하우스청담힐현서,안녕하세요 제니하우스현서입니다 오늘은Jtbc에서 방송하는 '멜로가체질' 드라마 포스터 한지은배우헤어스타일에대해서소개하려고합니다...
61,멜로가 체질 드라마,2019.08.03.,"'멜로가 체질' 올여름 최고의 수다 커플, 천우희X안재홍의 저세상 케미에 기대 ↑",한국사진방송 공식블...,"JTBC 새 금토드라마 ‘ 멜로가 체질 ’( 극본 이병헌 , 김영영 , 연출 이병헌 , 김혜영 , 제작 삼화네트웍스 ) 은 서른 살 여자 친구들의 고민 , 연애 , 일상을 그린 이병헌..."
62,멜로가 체질 드라마,2019.07.27.,천우희시계 멜로가 체질 속 패션시계는 페라가모 타임피스~,"새로운 시작, 인하의...",그리고 8월 9일 첫방송을 앞두고 있는 멜로가 체질 이라는 드라마에서도 곧 소개가 된다고 하는데요. 드라마도 기대가 되지만 그에 앞서 보그 화보에서 소개된...
64,멜로가 체질 드라마,2019.07.30.,전여빈 나이 인스타그램 키 멜로가체질,칼라테크의 칼라풀라...,따라서 마스크가 확확 변하는거 같아요. 모델을 했어도 잘했을거 같네요! 곧있으면 드라마 <멜로가 체질>에서 볼수있다고 하니 기대하는 마음으로 기다려봐야겠네요 ^^
65,멜로가 체질 드라마,2019.07.30.,JTBC DRAMA 페이스북-본격 수다 블록버스터 #멜로가체질 GV토크[살롱 드 체질] 초대이벤트!,이벤트콕콕,#JTBC #금토드라마 #본격수다블록버스터 #멜로가체질 #GV토크 #이벤트 #천우희 #전여빈 #한지은 #안재홍 #공명 #ComingSoonJTBC #8월9일_밤10시50분_첫방송 JTBC Drama 본격...
66,멜로가 체질 드라마,2019.08.06.,"멜로가 체질 천우희 시계 0회 패션, 페라가모 간치니 슬림 워치",숑스,"멜로가 체질 천우희 시계 0회 패션, 페라가모 간치니 슬림 워치 새롭게 시작하는 드라마 멜로가 체질! 그리고 여주인공으로 넘사벽 연기력의 천우희가 나온다고 하죠?..."
67,멜로가 체질 드라마,2019.08.08.,멜로가 체질 기대작일까?,eun_b1008님의블로그,"8월 9일 날 JTBC에서 하는 새로운 드라마, <멜로가 체질>은 기대작일까요? 기대작인지 아닌지 알기 위해서는 우선 드라마의 디테일부터 알아봅시다! *이 블로그는..."
68,멜로가 체질 드라마,2019.08.06.,JTBC 멜로가 체질 전여빈 안경 패션 정보 (어크루),스타패션 매거진,"JTBC 멜로가 체질 전여빈 안경 패션 정보 (어크루) 영화 감독 이병헌의 드라마 데뷔작으로 화제된 JTBC 드라마 '멜로가 체질'! 2일, 드라마 방영 전 특집으로 드라마..."
69,멜로가 체질 드라마,2019.07.09.,냉장고를부탁해 이천 천우희 멜로가체질로 복귀!,폴인퍼니,"천우희씨는 멜로가체질에서 드라마작가 임진주 역을 맡았는데요. ""30대, 그리고 여자들의 이야기라는 점이 가장 끌렸다"" 라고 밝히며 작품에 대한 애정을 드러냈습니다...."
70,멜로가 체질 드라마,2019.08.01.,"JTBC 멜로가체질 금토드라마 인물관계도,등장인물 알아보기!!",즐거운광고,이드라마 기사를 봤던게 생각나서 찾아봤습니다. 자 일단 인물관계도 부터 한번 훑어보겠습니다. #멜로가체질 #멜로가체질인물관계도 #멜로가체질등장인물...
71,멜로가 체질 드라마,2019.08.08.,JTBC 멜로가체질 천우희/안재홍 케미 feat 이병헌 감독 드라마 기대기대 ♩,♥스타일러 스칼렛♥,"서른 살 여자 친구들의 고민, 연애, 일상을 그린 코믹 드라마 멜로가체질 !! 오늘 GV토크 시간에.. JTBC멜로가체질 #이병헌 감독님 비롯.. #천우희 #전여빈 #한지은..."
74,멜로가 체질 드라마,2019.07.25.,배우 이지민이 '멜로가 체질'에서 20대 여성의 풋풋한 짝사랑으로 안방극장을 설렘으로 물들인다.,최적화블로그꿀벌 나...,"8월 9일 첫 방송되는 JTBC 새 금토극 '멜로가 체질'은 서른 살 여자 친구들의 고민, 연애, 일상을 그린 이병헌 감독표 수다블록버스터다. 극 중 이지민은 드라마 스타PD..."
75,멜로가 체질 드라마,2019.08.06.,멜로가 체질 0회 천우희 시계 패션 *페라가모 워치 간치니 슬림,FLOG,뿐만 아니라 멜로가 체질 0회에서 살짝 보여준 드라마 장면에서도 천우희는 페라가모 간치니 슬림 워치를 착용했다고 하는데요! 요건 블랙 컬러였다고 해욤ㅎ_ㅎ...
76,멜로가 체질 드라마,2019.07.29.,[전여빈 멜로가 체질] JTBC 드라마 <멜로가 체질> 이은정 역,전여빈 백과사전,"티스토리 뷰 여빈활동/TV [전여빈 멜로가 체질] JTBC 드라마 <멜로가 체질> 이은정 역 JYB 인생은 덕질 2019. 7. 29. 23:57 JTBC 드라마 금, 토 오후 10:50 2019.8.9~ *멜로가..."
77,멜로가 체질 드라마,2019.08.05.,190802 JTBC 멜로가 체질 - 서른되면 괜찮아요 한지은 블라우스 정보 (케네스레이디 / Kenneth lady),스타패션 매거진,190802 JTBC 멜로가 체질 - 서른되면 괜찮아요 한지은 블라우스 정보 (케네스레이디 / Kenneth lady) 곧 방영을 앞둔 jtbc 드라마 멜로가 체질 ! 방영전...
78,멜로가 체질 드라마,2019.08.05.,JTBC 멜로가 체질 한지은 여자 블라우스 패션_케네스 레이디,drsimsz님의블로그,JTBC 멜로가 체질 특별편 한지은 블라우스 코디 안녕하세요~ 이번에 새롭게 방영하는 드라마 멜로가 체질 다들 알고 계시나요~? 얼마전! 특별편으로 먼저 0회가 깜짝...
79,멜로가 체질 드라마,2019.08.05.,"요번주 새로 시작하는  드라마 / 웰컴2라이프 ,  너의 노래를 들려줘 ,멜로가 체질",몽글몽글한 하루,"3개의 드라마가 시작하는데요 웰컴2라이프 , 너의노래를들려줘 , 멜로가 체질 소개 해볼께요 ㅎ #웰컴2라이프 검법남녀2 후속 편성 MBC 2019.08.05. ~ 방영중|(월, 화) 오후..."
80,멜로가 체질 드라마,2019.08.08.,"이주빈 나이, 에스더블유엠피, 멜로가 체질 이소민, 미스터 션샤인 계향",올하루,"~ (금, 토) 오후 10:50 서른 살 여자 친구들의 고민, 연애, 일상을 그린 코믹 드라마 멜로가체질은 이번주 첫바송 하는 JTBC 금토드라마로 천우희, 전여빈, 한지은..."
81,멜로가 체질 드라마,2019.08.08.,"한지은 나이, 배우, HB엔터테인먼트, 영화 리얼, 멜로가체질 황한주",올하루,"배우 한지은은 드라마 멜로가체질을 통해 첫 주연배우로 출연을 한다. 1. 멜로가 체질 JTBC 2019.08.09. ~ (금, 토) 오후 10:50 서른 살 여자 친구들의 고민, 연애, 일상을..."
82,멜로가 체질 드라마,2019.07.09.,'멜로가 체질' 안재홍 훈남등극!(ft.냉장고를부탁해),대장간,"출연진 '멜로가 체질'은 금토드라마로 7월26일 첫 방영을 한다고 합니다. 서른살 여자친구들의 고민, 연애, 일상을 그린 수다 블록버스터라고하니 참신하기도 하고..."
84,멜로가 체질 드라마,2019.08.08.,멜로가 체질 몇부작 장르 천우희 안재홍 공명 전여빈 한지은 나이,http://satto.tisto...,"파악하시면 멜로가 체질 드라마를 이해하시는데 더 빠르실 것 같습니다. 천우희는 아르곤 이후 2년만에 드라마 복귀 작품이 멜로가 체질이고, 안재홍도 마찬가지로..."
85,멜로가 체질 드라마,2019.08.04.,‘멜로가 체질’ 천우희가 연기할 임진주는 신인 드라마... - 한국스포츠통신,뉴스브릿지,"한국스포츠통신 - 2019-08-04 18:45 (한국스포츠통신=신택교 기자) JTBC 새 금토드라마 ‘멜로가 체질’은 서른 살 여자 친구들의 고민, 연애, 일상을 그린..."
87,멜로가 체질 드라마,2019.08.07.,"멜로가 체질 몇부작, 인물관계도, 이병헌 감독, 나이, 천우희 임진주, 전여빈 이은정, 한지은 황한주, 안재홍 손범수, 공명 추재훈",올하루,"멜로가 체질은 JTBC 금토드라마이다. 1. 멜로가 체질 JTBC 2019.08.09. ~ (금, 토) 오후 10:50 2. 몇부작 16부작 3. 제작사 삼화네트웍스 4. 연출 이병헌 이병헌 감독은 스물..."
88,멜로가 체질 드라마,2019.08.08.,"[한드] JTBC 금토드라마 <멜로가 체질> 인물관계도, 몇부작 : 천우희. 전여빈. 한지은. 안재홍. 공명",경북대 고시텔 ♡ L...,봐용~~ #jtbc드라마 #금토드라마 #보좌관후속드라마 #멜로가체질 #주말드라마 #천우희 #전여빈 #한지은 #안재홍 #공명 #윤지온 #이유진 #이주빈 #한준우 #김명준 #정승길...
89,멜로가 체질 드라마,2019.08.08.,"전여빈 나이, 키, 제이와이드컴퍼니 소속연예인, 멜로가 체질 이은정",올하루,"드라마 2017 구해줘 홍소린 2019 멜로가 체질 이은정 멜로가 체질은 JTBC 금토드라마로 '서른 살 여자 친구들의 고민, 연애, 일상을 그린 코믹 드라마'이다. 이은정..."
91,멜로가 체질 드라마,2019.07.09.,천우희 최근 근황 찾아봤더니...충격 w.천우희 김혜수 멜로가체질 몸매 한정식 식당 이천,아주 잡다한 이야기...,JTBC 드라마 '멜로가 체질'에 출연한다는 소식이 알려지면서 화제가 되고 있다. 천우희 천우희는 지난 8일 JTBC 예능 '냉장고를 부탁해'에 출연해 털털한 입담을...
92,멜로가 체질 드라마,2019.07.29.,멜로가체질 jtbc드라마,원석서재,'멜로가 체질' 전여빈 '매력부자' 화보 비하인드 컷
93,멜로가 체질 드라마,2019.08.04.,멜로가 체질 천우희 옷 가방 시계 가디건 패션체크,크림의 부드러운 이...,멜로가 체질 천우희 가방 구두 잘 나가는 드라마 작가가 되어 사치할 그 순간만을 꿈꾼다! 멜로가 체질 천우희 시계 멜로가 체질 천우희 가디건 가난한 사람은 사치 좀...
94,멜로가 체질 드라마,2019.07.09.,'캐스팅'만으로도 기대되는 <멜로가 체질>,멀티미디어 로그,'캐스팅'만으로도 기대되는 <멜로가 체질> 즐겨찾기 드라마 <멜로가 체질> 포스터 천우희 전여빈 한지은 주연!!!!!!! 배우 캐스팅만으로 뭔가 톡톡 튈 것 같은 느낌 드는...
95,멜로가 체질 드라마,2019.08.06.,멜로가 체질 8월 9일 첫 방송!,AMD_life_ ?,"이어, '멜로가 체질'의 짠내 페어, 드라마 제작사의 선후배 사이로 등장하는 한지은과 공명은 캐릭터에 대해 ""여려운 상황 속에서도 긍정적인 에너지를..."
96,멜로가 체질 드라마,2019.08.04.,멜로가 체질 한지은 황한주 가방 블라우스 치마 자켓 패션체크,크림의 부드러운 이...,드라마 찍는 X들은 시시때때로 뱉더라. 멜로가 체질 한지은 황한주 자켓 바지 구두 그럼 한주는 침 뱉는 그 얼굴에도 상큼하게 웃어주는데. 전 남편은 잘 나가는...
97,멜로가 체질 드라마,2019.08.08.,"'멜로가 체질' 이병헌 감독, 된장녀 워딩→오승윤 하차..'논란'에 답했다",나만의LDN i love y...,"8일 서울 여의도 콘래드 호텔에서는 JTBC 새 금토드라마 '멜로가 체질' 제작발표회가 열렸다. 이날 제작발표회에는 이병헌 감독, 천우희, 전여빈, 한지은, 안재홍, 공명이..."
98,멜로가 체질 드라마,2019.07.09.,천우희 한정식 멜로가 체질 안재홍 연기,프랑스와즈 블로그,천우희 한정식 멜로가 체질 안재홍 연기 배우 천우희와 안재홍의 연기 너무나 기대되는 멜로가 체질 멜로 드라마인것 같아요. 멜로가 체질은 서른살 여자친구들의 고민...
99,멜로가 체질 드라마,2019.07.09.,"천우희·안재홍, 멜로가 체질 첫방송은 언제?",라디아 신통방통 매...,"맡은 것으로 알려져 더 큰 기대를 모으고 있는데요. 천우희·안재홍 주연, 이병헌 감독 연출의 멜로가 체질은 JTBC의 새 금토드라마로 7월 26일(금) 밤 11시 첫 방송된답니다."
100,멜로가 체질 드라마,2019.08.03.,'멜로가 체질' 천우희가 안재홍에 대해 칭찬을 아끼지 않았다.,최적화블로그꿀벌 나...,"2일 방송된 종합편성채널 JTBC 새 금토드라마 '멜로가 체질' 0회에서는 에릭남이 MC로 등장했다. 이날 천우희는 안재홍과의 인연에 대해 ""재홍 오빠와는 5년 전..."
101,멜로가 체질 드라마,2019.07.09.,천우희 냉부해 출연하여 차기작은 멜로가 체질이라고 밝혔습니다.,태공이님의 블로그,"그리고 천우희와 안재홍은 JTBC 새 월화드라마 멜로가 체질 에 출연한다고 밝혔습니다. 멜로가 체질은 서른살 여자 친구들의 고민, 연애, 일상을 그린 코믹 드라마로..."
102,멜로가 체질 드라마,2019.08.07.,멜로가 체질 인물관계도 등장인물,찌아의 건강한 이야...,"JTBC (금, 토)드라마로 8월 9일 호후 10시 50분에 첫 방영 예정이다. #JTBC #드라마 #멜로가체질 #등장인물 #인물관계도 #코믹드라마 #천우희 #전여빈 #한지은 #안재홍 #공명"
103,멜로가 체질 드라마,2019.07.30.,멜로가체질 한 지은 배우 이름 감정,오 ~ 해피 데이즈(h...,"image 드라마 맛보기 멜로가 체질 [0회 예고] 서른 텐션 무엇♨ 배우들 매력 미리 엿보기☞ 멜로가 체질 주연 5인방, 그리고 그들을 찾아온 훈훈한 손님 에릭남까지..."
104,멜로가 체질 드라마,2019.08.07.,[지프] JTBC 멜로가 체질 대본 리딩 이주빈 가디건,드림컴퍼니,Dream Company [지프] JTBC 멜로가 체질 대본 리딩 이주빈 가디건 / JJ4KTF502 이주빈씨가 JTBC 드라마 멜로가 체질 대본 리딩 때 지프 가디건을 착용해주셨어요!...
107,멜로가 체질 드라마,2019.08.02.,멜로가 체질 첫방송 이하늬·진선규 특별출연,Information Sharin...,드라마 '멜로가 체질' 이하늬 진선규 특별출연 2일 공개된 스틸컷에서 두 사람은 아름드리 녹색의 나무가 우거진 예쁜 길 위에서 멜로틱한 시간을 보내고 있다....
108,멜로가 체질 드라마,2019.07.09.,안재홍 다이어트 멜로가체질 몇부작,gp,8일 방송된 JTBC 예능 프로그램 '냉장고를 부탁해는 새 드라마 '멜로가 체질'의 주인공인 배우 천우희와 안재홍이 게스트로 출연했다. 이날 방송에서 배우 안재홍은...
109,멜로가 체질 드라마,2019.08.05.,"2019, 8월 신작 드라마 소개",슬 픈 중 독 자,"멜로가 체질 천우희, 전여빈, 한지은 주연 JTBC 금토드라마, 16부작 /보좌관 후속 8월 9일 첫방송 <극한직업> 이병헌 감독 연출작으로, 서른살의 세친구의 일과 사랑..."
111,멜로가 체질 드라마,2019.07.09.,천우희 나이 키 멜로가 체질 집안 학력,이슈홀릭,천우희가 드라마 '멜로가 체질'에 출연하면서 주목을 받고 있습니다. 상대 배우는 안재홍인데요. 두 사람은 좋은 케미를 보여주고 있죠. 천우희는 중국 여배우...
112,멜로가 체질 드라마,2019.07.26.,"'멜로가 체질' 이지민, 캐스팅 확정..안재홍 짝사랑 역",넷프로(NETPRO) - 인...,[사진 / 리스펙트 엔터테인먼트] 배우 이지민이 JTBC 새 금토드라마 '멜로가 체질'에서 20대 여성의 풋풋한 짝사랑으로 안방극장을 설렘으로 물들일 예정이다. 오는 8월...
114,멜로가 체질 드라마,2019.08.03.,"삼화네트웍스 - 이하늬·진선규, '멜로가 체질' 특별 출연..'극한직업' 인연",윌리엄오닐의 즐거운...,멜로가 체질(삼화네트웍스) 영화 ‘극한직업’에서 커플로 호흡을 맞췄던 배우 이하늬와 진선규를 드라마 ‘멜로가 체질’에 특별출연한다. 2일 방송계에 따르면 두...
115,멜로가 체질 드라마,2019.07.09.,"2019.07.09_[아주경제]'멜로가 체질' 안재홍, 박보검 커피차 선물에 ♥…응팔 우정 훈훈",박보검×小幸?,"박보검은 커피차와 함께 ""안재홍 배우님과 드라마 멜로가 체질 스태프 분들 배우 분들을 응원한다. 축복한다""라는 응원의 메시지도 전했다. #아주경제..."
117,멜로가 체질 드라마,2019.07.09.,"'멜로가 체질' 천우희, 2년 만에 안방 복귀…‘극한직업’ 이병헌 감독 연출",브릿지경제,"천우희는 JTBC 새 금토드라마 ‘멜로가 체질’에서 서른 살의 드라마 작가 ‘임진주’ 역으로 시청자들과 만날 예정이다. ‘멜로가 체질’ 천우희, 2년 만에 안방..."
118,멜로가 체질 드라마,2019.08.05.,배우 천우희가 '멜로가 체질' 포스터 촬영 비하인드 컷을 공개했다.,최적화블로그꿀벌 나...,공개된 사진 속 천우희는 다양한 컨셉으로 JTBC 새 금토드라마 '멜로가 체질' 포스터 촬영에 임하고 있는 모습이다. 천우희는 캐주얼한 패션부터 슈트 패션까지 찰떡...
119,멜로가 체질 드라마,2019.08.05.,‘멜로가 체질’ 연출을 맡은 이병헌 감독과의 인연으로... - 인사이트코리아,뉴스브릿지,"인사이트코리아 - 2019-08-05 13:01 [인사이트코리아=이종선 기자] JTBC 새 금토드라마 ‘멜로가 체질’을 위해 이하늬, 진선규가 든든한 지원군으로 나섰다. 상황을..."
120,멜로가 체질 드라마,2019.07.09.,"천우희 , 냉부해 고백 ~ 멜로가 체질인 이유 ?",로이성의 호기심천국...,8일 방송된 JTBC 예능 프로그램 '냉장고를 부탁해'에서는 오는 26일 첫 방송되는 새 드라마 '멜로가 체질'의 주인공인 천우희와 안재홍이 출연했다. 특히 이날 방송에서...
121,멜로가 체질 드라마,2019.07.09.,천우희 '멜로가체질' & '냉장고를부탁해',"이얘기 , 저얘기",연기도 잘하고 이번에 멜로가 체질 이라는 드라마로 돌아온다는데 벌써부터 어떤 연기를 보여주고 어떤매력을 보여주실지 기대가 되네용 >< 앞으로도 쭉~ 승승장구하시길!
122,멜로가 체질 드라마,2019.07.09.,배우 안재홍이 '응답하라 1988'의 정봉이에서 '멜로가 체질' 남자 주인공으로 거듭났다.,SSAULABI스토리 블로...,안재홍은 오는 26일 첫 방송하는 JTBC 드라마 '멜로가 체질'에서 섹시한 두뇌와 예술가적 면모를 갖춘 스타 드라마 PD 손범수 역을 맡았다. KBS2 '쌈 마이웨이' 이후 2년...
123,멜로가 체질 드라마,2019.08.04.,‘멜로가 체질’ 극 중에서 김영아는 한지은 황한주... - 경남데일리,뉴스브릿지,"경남데일리 - 2019-08-04 07:33 [경남데일리=이후찬 기자] 9일 첫 방송을 앞둔 JTBC 새 금토드라마 ‘멜로가 체질’(극본 이병헌, 김영영/연출 이병헌, 김혜영/제작..."
126,멜로가 체질 드라마,2019.07.29.,"신예 이지민, ‘멜로가 체질’ 풋풋한 20대 직진녀 다미 낙점",우쭈 연예일기,"신예 이지민, ‘멜로가 체질’ 풋풋한 20대 직진녀 다미 낙점 신예 이지민이 JTBC 새 금토드라마 ‘멜로가 체질’에서 짝사랑에 빠진 풋풋한 20대로 안 dailyfeed...."
128,멜로가 체질 드라마,2019.08.08.,"[종합] ‘멜로가체질’ 천우희X안재홍, - 이것은 로맨스인가 코미디인가(ft.신인감독 이병헌)",싱글리스트,"올해초 영화 ‘극한직업’으로 천만감독 대열에 오른 이병헌 감독이 ‘멜로가 체질’을 통해 처음으로 드라마에 출사표를 던진다. ‘청춘시대’, ‘으라차차..."
129,멜로가 체질 드라마,2019.08.06.,멜로가체질전여빈,Jenny House '성은',드디어 기다리던 멜로가체질이 방영합니다~ 우리 귀염둥이 여빈이 벌써 이영상만봐도 드라마에 빠져드네요~^^ 화보촬영도 너무 이뿌게 나오는 전여빈 다같이...
130,멜로가 체질 드라마,2019.08.05.,우리들의 방학을 책임질 방영 예정 드라마 Best 5,최초에서 최고로! 배재학당...,"방영 예정 / JTBC 편성 오후 10:50 (금, 토) 서른 살 여자 친구들의 고민, 연애, 일상을 그린 코믹 드라마! '멜로가 체질' 출연진 : 임진주, 이은정, 황한주, 손범수, 추재훈..."
133,멜로가 체질 드라마,2019.08.05.,멜로가 체질(2019년 8월 9일 첫 방송),영드 세상(영화+드라...,"줄거리:서른 살 여자 친구들의 고민, 연애, 일상을 그린 코믹 드라마 천우희 전여빈 한지은 안재홍 공명"
134,멜로가 체질 드라마,2019.07.09.,"'멜로가체질' 천우희 ”30대, 여자들의 이야기 끌렸다”",고든 선택연구소,"극중 천우희는 감정 기복이 널뛰듯 심한 똘끼 만렙 드라마 작가 임진주 역을 맡아 열연한다. 천우희는 “30대, 그리고 여자들의 이야기라는 점이 가장 끌렸다""고 이번..."
135,멜로가 체질 드라마,2019.08.04.,20190804 8월 첫째주 주말 마무리,m l o g,하는 드라마인가본데 뭔가 내 취향일 것 같다 다음주부터 시작인데 꼭 봐야지 오늘... 좋아해줘 멜로가 체질에서도 모두 30대의 이야기를 다룬다 나도 모르게 곧 다가올...
136,멜로가 체질 드라마,2019.08.04.,색감,참비,"그리고 가장 중요한, 보여주기식이 아닌 오롯이 스토리에 집중하고, 시청자의 공감을 이끌어내는 JTBC가 드라마가 오히려 훨씬 낫다! '멜로가 체질' 과 너무 비 · 교 · 된..."
137,멜로가 체질 드라마,2019.08.08.,스라태그 라이징스타! 조연부터 차근차근 공명,스카이라이프 블로그라이프,"바로 드라마 <멜로가 체질>인데요! 십 대 이십 대도 아닌, 서른만이 겪을 수 있는 솔직 담백한 판타지를 담은 드라마입니다. 서른쯤엔 뭐든 다 해냈을 줄 알았는데, 정작..."
138,멜로가 체질 드라마,2019.08.01.,방송예정 드라마 / 2019년 8월 신규드라마,my lulu,"천우희님, 안재홍님이 출연하는 것만으로도 반가운데, 이병헌 감독님 연출이라면 꼭 봐야할 올여름 드라마! 멜로가 체질 서른 살 여자 친구들의 고민, 연애..."
139,멜로가 체질 드라마,2019.07.25.,190724 JTBC드라마 인스타그램 한지은 가방 정보 (오야니),스타패션 매거진,190724 JTBC드라마 인스타그램 한지은 가방 정보 오야니 (orYANY) 8월 9일 방영 예정인 JTBC드라마 멜로가 체질! 한지은씨가 드라마 제작사 마케팅팀장역으로...
140,멜로가 체질 드라마,2019.07.30.,"드라마 방영예정 편성표,장르 정리 취향대로 골라 시청! (2019년 8월 이후)",AH! happy day,"05~ (방영예정) 시간: 월,화 오후 8:55 출연진: 정지훈(비), 임지연, 곽시양, 손병호, 박원상 멜로가 체질 <일상 코믹 드라마> 편성 : JTBC 2019.08.09~ (방영예정) 시간: 금..."
141,멜로가 체질 드라마,2019.07.30.,"전여빈, 첫 드라마 주연 도전! ""떨리는데, 너무나 신나고 재미있다.""",전여빈 백과사전,"""떨리는데, 너무나 신나고 재미있다."" (0) 2019.07.30 [전여빈 멜로가 체질] JTBC 드라마 <멜로가 체질> 이은정 역 (0) 2019.07.29 공유하기 링크 페이스북 카카오스토리..."
144,멜로가 체질 드라마,2019.07.29.,2019년 8월 방영 예정 드라마 소개!,내인생의보석상자 루...,"^^ 오늘은 8월 방영 예정인 드라마들을 소개해 드리도록 하겠습니다. 8월에는 어떤... JTBC 멜로가 체질 방영 일정 : 2019.08.09. ~ / 매주 금, 토 오후 10:50 ~ 연출 : 이병헌..."
145,멜로가 체질 드라마,2019.07.09.,7월 드라마 라인업,나와 네가 모르는 이...,"~ 위태롭고 미숙한 'Pre-청춘'들의 세상을 있는 그대로 들여다보는 감성 청춘 드라마 출연 : 용성우, 김향기, 신승호 등 멜로가 체질 JTBC (금, 토) 오후 11:00 2019.07.26...."
146,멜로가 체질 드라마,2019.08.02.,하반기 큰 기대를 모으고 있는 드라마들,멀티미디어 로그,하반기 큰 기대를 모으고 있는 드라마들 즐겨찾기 드라마 관계자들의 기대를 한 몸에 받고 있는 하반기 드라마 기대작 5 1. 멜로가 체질 (8월 9일 첫 방송) 서른 살...
150,멜로가 체질 드라마,2019.07.31.,드라마로 컴백하는 두 배우의 SNS 속 패션,REUMXX DIARY,"늦여름, 초가을 참고하기 좋은 스타일이에요~ 다음은 곧 첫방을 앞두고 있는 JTBC 드라마 '멜로가 체질'의 천우희 입니다. 출처 : JTBC 멜로가 체질 출처 : JTBC 멜로가 체질..."
151,멜로가 체질 드라마,2019.08.03.,별_아홉::연애플레이리스트 뷰티 화보 / 연플리 여주인공들의 일상 화장법 / 연플리 주인공들의 다른 얼굴 / 화제의 웹드라마 연애플레이리스트 / 마리끌레르 8월호,화장품과 썸 타는 남...,editor 강 예솔 우리가 사랑할 이야기 ? Video 드라마 <멜로가 체질>의 세 배우와 나눈 낯설고도 황홀한 명랑 수다. editor 유 선애 ELEGANT MAN ?... www....
152,멜로가 체질 드라마,2019.07.09.,냉장고를 부탁해 천우희 미모의 어머니와 냉장고 공개! 천우희 나이 키,EnjoyHolic story.....,현재는 JTBC 금토 드라마 멜로가 체질에 캐스팅 되면서 냉부에 출연을 하게 되었네요! 멜로가 체질은 극한직업의 감독 이병헌 감독이 연출을 한다고 하네요!...
154,멜로가 체질 드라마,2019.07.25.,벌써 5편의 영화를? 2019년 바쁜 행보를 보이고 있는 대세 스타들,영화를 소개하는 남...,특히 다가오는 8월에는 <극한직업>의 이병헌 감독이 선보이는 JTBC 드라마 [멜로가 체질]을 통해 가까운 날짜에 빠르게 만나볼 수 있는데 이 곳에서는 서른 살 여자...
155,멜로가 체질 드라마,2019.07.09.,무조건 봐야하는 드라마3.,기분이 태도가 되지...,2번은요 #멜로가체질 (방송전부터 홍보요정마인드) 제가 천우희를 좋아하는데요... 3번은요 #동백꽃필무렵 강하늘의 복귀작이면서 공효진 언니의 오랜만의 드라마로...
157,멜로가 체질 드라마,2019.08.01.,2019년 8월 예정 한국드라마,콤보마스터,"나오는 드라마 같다 멜로가 체질 시작:8월 9일 서른살 여자들의 연애와 일상을 그린 이야기 천우희,전여빈,한지은 평범한 일상 드라마 같다 위대한 쇼 시작:8월 26일..."
160,멜로가 체질 드라마,2019.08.01.,돌아온 연작가 근황! TMI 주의,전-연꽃향 연빛 / 현...,웹드라마도 많이봅니다. 그럼 나열해볼까요? -열여덟의 순간 그냥 등장인물이 다 좋아요. (진지) -신입사관 구해령 차은우 넘모 잘생겼어여!!! -멜로가 체질 개인적으로...
162,멜로가 체질 드라마,2019.08.07.,정말 개인적 취향으로 꼽은 <2019년 하반기 드라마 기대작>,happily ever after,"기준은 방송사 편성이 확정된 드라마다. <멜로가 체질> 연출 : 이병헌(스물, 극한직업) 작가 : 이병헌 김영영 출연 : 천우희 전여빈 한지은 안재홍 공명 서른 살 여자..."
163,멜로가 체질 드라마,2019.08.02.,8월 이달의 프로그램을 소개합니다 :),"현대미디어(채널칭,드라마H...","현대미디어 8월 이달의 프로그램 8월, 이달의 신작 드라마H 멜로가 체질, 의사요한 VOD할인 이벤트 초요, 부요황후, 헌원검 ★7~9월 VOD 할인 이벤트★ 초요, 부요황후..."
166,멜로가 체질 드라마,2019.07.09.,"""10kg 감량""…안재홍, 몰라보게 잘생겨진 모습→비결은 다이어트",가오 Gao,KBS2 '쌈 마이웨이' 이후 2년 만에 드라마에 복귀하는 안재홍은 천우희와 JTBC 새 금토드라마 '멜로가 체질'에서 열연을 펼칠 예정이다. '멜로가 체질'은 영화 '극한직업...
167,멜로가 체질 드라마,2019.07.09.,천우희 엄청난 크기의 왕쌈 아재입맛 홍어 청어내장,포토제이 일상 리뷰...,냉장고를 부탁해 배우 천우희 송훈 유현수 쉐프의 요리를 선택 8일 방영된 냉장고를 부탁해 이번주에는 드라마 멜로가 체질 출연진 천우희 배우 안재홍 냉장고를 공개...
169,멜로가 체질 드라마,2019.07.09.,냉장고를 부탁해 천우희/안재홍 천우희 프레디머큐인줄ㅋㅋ,행복한 꾸르망고공간...,김혜수 멋있다능 안재홍은 얼마 전에 JTBC 새 드라마 멜로가 체질 포스터 촬영이 있었는데 ㅋㅋㅋㅋ천우희가 프레디 머큐리인 줄 알았다며 센터병 얘기를 했다ㅋㅋㅋ...
172,멜로가 체질 드라마,2019.07.09.,안재홍이 영화 촬영을 위해 폭풍 감량하면서 훈남 비주얼로 놀라게 했다.,최적화블로그꿀벌 나...,"안재홍은 천우희와 함께 새로 시작하는 드라마 '멜로가 체질'을 홍보하기 위해 게스트로 출연했다. 안정환은 안재홍을 보자마자 ""살을 많이 뺀 것 같다""고 놀라워했다...."
176,멜로가 체질 드라마,2019.08.08.,이규형 나이 학교 뮤지컬 놀면 뭐하니 출연진 태항호 이규형 의사요한 이규형 닮은꼴 해롱이,급상승검색어,OCN 드라마 '타인은 지옥이다'입니다. '타인은 지옥이다' 서... blog.naver.com 한지은 나이 학교 키 인스타 멜로가 체질 천우희 안재홍 전여빈 오늘 소개할 배우는 '멜로가...
178,멜로가 체질 드라마,2019.08.08.,이병헌(감독),반야월 박회장,"2019년 하반기에는 JTBC에서 첫 드라마 《멜로가 체질》을 연출, 집필하게 되었다. 출연하는 배우들은 천우희, 전여빈, 공명, 안재홍, 류아벨 등이다. 2. 필모그래피..."
181,멜로가 체질 드라마,2019.07.09.,안재홍 나이 여자친구 군대 매력쟁이,좋은나무,두 사람은 '멜로가 체질'이라는 작품에 함께 출연하여 방영을 앞두고 있는데요. 이 작품은 서른 살 여자 친구들의 고민과 연애 그리고 일상을 그린 코믹 드라마로...
182,멜로가 체질 드라마,2019.07.30.,배우 천우희 메거진 보그 VOGUE 와 우아한 화보 공개.,나쌤 블로그,"한편 배우 '천우희'는 2019년 8월 9일 새롭게 방송 될 JTBC 드라마 ""멜로가 체질""에서 메인 역활인 주인공 임진주 역을 맡아 열연 할 예정이다. 배우 천우희,는 다음..."
183,멜로가 체질 드라마,2019.07.09.,다이어트에 성공해 훈남으로 변신한 배우 안재홍의 모습이 모바일과 온라인에서 주목을 받고 있다.,나루해오름,"안재홍과 천우희가 주연으로 출연하는 <멜로가 체질>은 서른살 여자 친구들의 고민, 연애, 일상을 그린 드라마로 오는 26일 오후 11시 첫 방송된다."
187,멜로가 체질 드라마,2019.08.02.,힙합왕 나스나길 인물관계도 몇부작 이호원 나은 신원호 한현민,급상승검색어,오늘 소개할 드라마는 8월 9일부터 SBS 에서 방영예정인 '힙합왕 나스나길' 입니다.... 인스타 멜로가 체질 천우희 안재홍 전여빈 오늘 소개할 배우는 '멜로가 체질...
188,멜로가 체질 드라마,2019.07.26.,메가폰코리아 캐스팅뉴스 [2019.7.26],오디션의 새로운 시...,"www.mystagenews.com 드라마 '멜로가 체질' 이지민, 캐스팅 확정..안재홍 짝사랑 역 '멜로가 체질' 이지민, 캐스팅 확정..안재홍 짝사랑 역 [사진 / 리스펙트..."
190,멜로가 체질 드라마,2019.08.06.,허재 부인 아내 가족 결혼 아들 허웅 허훈,급상승검색어,"배우는 '멜로가 체질' 한지은 배우입니다. 1. 한지은 나이, 한지은 학교1990년 생으... blog.naver.com 타인은 지옥이다 서문조 이동욱 캐스팅 치과의사 오늘 소개할 드라마는..."
193,멜로가 체질 드라마,2019.08.07.,임수향 과거사진 임수향 성훈 나혼자산다 임수향 노출,급상승검색어,임수향 배우 과거 사진 (조선닷컴) 임수향 배우는 지난 2011년 SBS 드라마... blog.naver.com 한지은 나이 학교 키 인스타 멜로가 체질 천우희 안재홍 전여빈 오늘 소개할...
194,멜로가 체질 드라마,2019.08.08.,"힙합왕 - 나스나길, 줄거리, 이호원 방영백, 이나은 나은 에이프릴 송하진, 신원호 김태황, 한현민 서기하",올하루,"힙합왕 - 나스나길은 내일 첫방송 하는 SBS 6부작 드라마이다. 정통 힙합 음악... 08 멜로가 체질 몇부작, 인물관계도, 이병헌 감독, 나이, 천우희 임진주, 전여빈..."
196,멜로가 체질 드라마,2019.08.05.,[위키미키] 8월 트위터 - 1,여유로운 해변가의 ...,지난 9일 베일을 벗은 JTBC 금토드라마 ‘멜로가 t.co #NEWS #멜로가체질 #위키미키 #WekiMeki #KIMDOYEON [#공명][#김도연] 아침에 먹다 살쪄요. 단호하게 PPL...
197,멜로가 체질 드라마,2019.08.04.,슈퍼맨이 돌아왔다 홍경민 딸 라원 나이 홍경민 아내 아내직업,급상승검색어,월화드라마 ‘퍼퓸’의 후속으로 8월 5일 밤1... blog.naver.com 한지은 나이 학교 키 인스타 멜로가 체질 천우희 안재홍 전여빈 오늘 소개할 배우는 '멜로가 체질' 한지은...
198,멜로가 체질 드라마,2019.08.04.,메이비 윤상현 나이차 윤상현 메이비 나이차 동상이몽2 너는 내 운명,급상승검색어,소개할 드라마는 8월 9일부터 SBS 에서 방영예정인 '힙합왕 나스나길' 입니다.힙합왕 나... blog.naver.com 한지은 나이 학교 키 인스타 멜로가 체질 천우희 안재홍 전여빈...
199,멜로가 체질 드라마,2019.07.09.,안재홍이??,ㅅㅗㅁ,JTBC 드라마 ‘멜로가 체질’ 냉장고를 부탁해 에 나온 천우희와 안재홍 배우를 보고 새로운 드라마가 시작된 걸 알게 됨! 마이 홍~ 근데 너무 다이어트를 많이 했나봐...
201,멜로가 체질 드라마,2019.08.03.,190802 오늘의덕질,흔 희 로 그,3주 전쯤 인스타에 올라왔던 핑크 윤도 '멜로가 체질' 예고 보고 이게 그날이구나... 소개해주니까 드라마 더 재밌을 것 같고요 담주 1화도 본방 사수해보기로! 오늘...
206,멜로가 체질 드라마,2019.07.09.,2019년 07월 09일 뉴스 ? 연예 섹션보기,불교공부 블로그,"JTBC '멜로가 체질'로 2년 만의 드라마 복귀 '아스달 연대기' 혹평에 김원석 PD ""모두 연출의 탓"" 양현석 향한 정마담의 '비수'…조력자에서 저격수로 디즈니, 공개..."
207,멜로가 체질 드라마,2019.07.25.,"천우희, 전여빈, 한지은 마리끌레르 2019 8월호 화보",알라딘 스튜디오,오늘은 드라마 #멜로가체질 의 세배우와 함께한 #마리끌레르 #2019 #8월호 #고화질 #화보 입니다. 멜로가 체질은 오는 8월 9일 #jtbc 에서 첫방송하는 #금토드라마 입니다....
208,멜로가 체질 드라마,2019.08.08.,[이벤트] 최신 완결작 할인 이벤트,고소한 유혹 피너툰,이벤트 <멜로드라마의문법> <지주 : 구슬을 가지다> <착한 사마리아인의 눈물> <남고생과 동거중!> <절대불변의 법칙> <지안이의 말 못할 체질> <로빈의 법칙> BL 7작품...
209,멜로가 체질 드라마,2019.07.09.,배우 천우희가 안재홍과 ‘냉장고를 부탁해’ 추억을 공유했다.,최적화블로그꿀벌 나...,"한편 천우희 안재홍은 오는 26일 첫 방송될 드라마 ‘멜로가 체질’을 통해 시청자와 만난다. 이 드라마는 서른 살 여자 친구들의 고민, 연애, 일상을 그린 이병헌..."
210,멜로가 체질 드라마,2019.07.30.,나만의 10문 10답 만들어보아요~,PASTEL BON VOYAGE,"8.좋아하는 드라마 월화:유령을잡아라,어비스,너의노래를들려줘,풍선껌 수목:미스터기간제,달리는조사관 금토:내일그대와,열혈사제,멜로가체질 토일:왓쳐..."
211,멜로가 체질 드라마,2019.08.05.,배우 한지은이 다채로운 매력을 드러내며 안방극장 접수를 예감케 하고 있다.,다옴스토리,9일(금) 첫 방송되는 JTBC 새 금토드라마 '멜로가 체질'에서 황한주 역할을 맡은 한지은의 팔색조 매력이 담긴 화보 촬영장 비하인드 컷이 공개됐다. 오늘 공개된 화보...
212,멜로가 체질 드라마,2019.08.05.,‘극한직업’ 2일 오후 10시 50분에는 첫... - 경남데일리,뉴스브릿지,공개된 ‘멜로가 체질’ 스틸컷에는 ‘극한직업’에서 장 형사와 마 형사를 연기했던 두 사람이 나무가 우거진 숲길을 걷고 있다. 두 사람의 출연한 드라마...
213,멜로가 체질 드라마,2019.07.09.,천우희 이천의 딸 - '냉장고를 부탁해' 안재홍과 출연!,이룸하우징-광주/이...,#천우희 #천우희이천 8일 방송된 JTBC'냉장고를 부탁해'에서는 드라마 '멜로가 체질'로 안방에 복귀하는 천우희와 안재홍이 출연해 셰프들에게 냉장고를 부탁한다....
216,멜로가 체질 드라마,2019.07.29.,검색어를 입력하세요 www,"GOOD NIGHT, FOREST","THINK 감히 올해 봤던 드라마 중에서 가장 좋았던 드라마라고 말씀드리고 싶어요.... JTBC '멜로가 체질'을 본방사수하려구요! 우리, 아직 해결된 거 하나도 없는 거 알지...."
217,멜로가 체질 드라마,2019.07.09.,냉장고를 부탁해 천우희 패션 옷 드레스 * 21MAR80 셔링 원피스,오니의 즐겨찾기 +,곧 있으면 새롭게 시작하는 드라마 '멜로가 체질' 주인공인 천우희와 안재홍이 게스트로 출연해주었더라구요 !! 오 냉부해에서 천우희를 만나보다니 넘넘 새롭고...
219,멜로가 체질 드라마,2019.07.09.,"‘동상이몽2’ 한고은 남편 신영수, 아내 걱정 시킨 남모를 아픔?…“나이가 드니까 자꾸…”",뉴스인사이드,"8일 오후 방송된 JTBC ‘냉장고를 부탁해’에서는 드라마 ‘멜로가 체질’ 출연 배우 천우희와 안재홍이 게스트로... www.newsinside.kr 캐머런 보이스 사망, 아담 샌들러..."
221,멜로가 체질 드라마,2019.07.09.,냉장고를 부탁해 안재홍 다이어트 비결(방법) 배우 천우희 폭로 나이,세상의 모든 것,"드라마 '멜로가 체질'로 호흡을 맞출 배우 천우희, 안재홍 씨가 JTBC 예능 ‘냉장고를 부탁해’에 출연했답니다. 지난 7월 8일에는 천우희 씨가 한식 사랑을 뽐냈고..."
223,멜로가 체질 드라마,2019.07.25.,광고에 대한 욕망 대놓고 드러낸 여배우,멀티미디어 로그,이번에 드라마 '멜로가 체질'에 출연한다고 기사 본 거 기억나 ㅎ 그러면서 하는 말이.... 나 진짜 열심히 먹어서 라면CF 치킨CF 따낼 거야...
226,멜로가 체질 드라마,2019.08.03.,타인은 지옥이다 서문조 이동욱 캐스팅 치과의사,급상승검색어,"오늘 소개할 드라마는 2019년 8월 31일 밤10시 30분부터 방영 예정인 임시완, 이동욱... blog.naver.com 한지은 나이 학교 키 인스타 멜로가 체질 천우희 안재홍 전여빈 오늘..."
227,멜로가 체질 드라마,2019.07.30.,"2019 7,30/네이버/연예",순수를 되살리고 싶...,JTBC 금토드라마 ‘멜로가 체질’의 5인 포스터 촬영장 속 천우희의 비하인드 스틸이 공개됐다. 공개된 사진에서 천우희는 장난기 있는 표...
230,멜로가 체질 드라마,2019.07.31.,"""페레가모 ""배우 천우희, 눈부시게 빛나는 화보",갤러리어클락 롯데센...,금토드라마 <멜로가 체질>로 색다른 연기 변신을 예고한 배우 천우희가 우아한 아름다움이 돋보이는 화보를 공개했다. 매거진 보그(VOGUE) 8월호를 통해 공개되는 이번...
232,멜로가 체질 드라마,2019.07.09.,안재홍 여자친구 누구? 다이어트 이후 근황에 ‘남친짤’ 생성,가오 Gao,"‘응답하라 1988'에 주연으로 출연하며 대중들의 사랑을 받았다. 오는 26일 천우희, 전여빈, 한지은 등이 출연하는 JTBC 드라마 ‘멜로가 체질’ 첫 방송을 앞두고 있다."
234,멜로가 체질 드라마,2019.07.09.,안재홍 다이어트 성공 `홀쭉해졌다`…캐릭터 위해 `변신`,고든 선택연구소,지난 8일 방송된 종합편성채널 JTBC 예능 프로그램 `냉장고를 부탁해`(이하 `냉부해`)에는 새 드라마 `멜로가 체질`의 배우 천우희와 안재홍이 게스트로 출연했다.
236,멜로가 체질 드라마,2019.07.09.,안재홍 다이어트성공 “정봉이 때보다 살 좀 뺐다”…폭풍 여유(냉부해),jso6726님의블로그,안재홍은 오는 26일 첫 방송되는 드라마 ‘멜로가 체질’ 출연을 앞두고 다이어트에 돌입한 것으로 알려졌다. 그는 다이어트 성공 칭찬에 “조금 뺐다”며 수줍은...
238,멜로가 체질 드라마,2019.07.26.,"'된장녀' 된 천우희, '아줌마' 된 수간호사... 부끄러운 현실",born free,▲오는 8월 9일 방송을 앞두고 있는 JTBC 금토드라마 <멜로가 체질> 포스터ⓒ JTBC 포스터로 인한 구설수는 8월에 방영될 천우희 주연의 JTBC 새 금토드라마 <멜로가 체질...
242,멜로가 체질 드라마,2019.08.08.,무료티비 핫한방송 요즘꺼다보자!,날보고 미쳐,"2019년 하반기 드라마로 설정된 JTBC 미니시리즈 [멜로 바디]도 연출합니다. [멜로 체질]은 [물]의 여성측이라고 알려져 있지만, [물]의 적응은 아닙니다. 감독 이병헌 또한..."
243,멜로가 체질 드라마,2019.08.05.,"[MBC] 190803 놀면뭐하니? 2회 (배우특집, 극한직업 이동휘& 킹덤 박병은)",Songi Blog .,깨알 같은 드라마 홍보 ‘8/9일 멜로가체질 첫방송’ ㅋㅋㅋㅋㅋ 진짜 종잡을 수가 없는 방송이었어요. 친한 동생이자 배우면서 에세이작가인 연기 잘하는 박정민...
246,멜로가 체질 드라마,2019.07.09.,"안재홍, 날렵해진 모습 공개…""살이 많이 빠졌다""",jso6726님의블로그,두 사람은 이달 말부터 방영되는 JTBC 드라마 '멜로가 체질'에 출연할 예정이다. 이날 방송에서 안재홍은 홀쭉해진 모습으로 등장해 눈길을 끌었다. 그는 과거에 출연한...
248,멜로가 체질 드라마,2019.07.09.,"인천교육청, 인천포스코고 자사고 재지정 출처",kayeecrsmi님의블로...,"이날 천우희는 오는 26일 첫 방송을 앞둔 JTBC 새 금토드라마 '멜로가 체질'을 언급하며 ""저는 드라마 작가 역을 맡았고, 안재홍 씨는 드라마 PD 역할이다""라고 소개했다...."
250,멜로가 체질 드라마,2019.07.09.,배우 안재홍이 날렵해진 턱선을 자랑하며 훈훈한 변신으로 시선을 끌었다.,부티나STORY,이날 '냉부해'는 드라마 '멜로가 체질' 출연진 천우희와 안재홍 편으로 꾸며졌다. 이날 안재홍은 tvN '응답하라 1988'에서 '정봉이'로 출연할 당시와는 180도 달라진...
252,멜로가 체질 드라마,2019.08.06.,일산 허리교정 다양한 허리문제,La_Chiropractic,"환자분들의 몸 상태, 현재 증상, 체질 등 다양한 것들을 고려하여 개인 맞춤 치료가 진행됩니다. 이 때 일산 허리교정 을 위해서 도수치료를 비롯한 다양한 치료가..."
253,멜로가 체질 드라마,2019.07.09.,"배우 안재홍 다이어트 성공, 반쪽된 사연은?",블루라인의 심플라이...,정확하게는 드라마 '멜로가 체질'과 영화 '해치지 않아' 극중 배역 때문에 극한의 다이어트를 한 것이죠. 통통하고 러블리한 '김정봉'에서 갸름하고 날렵한 턱선을...
254,멜로가 체질 드라마,2019.07.29.,일일칼로리 연소를 불태워주는 잇템 드디어 발견,사이다남,"제가 살이 덜 빠지는 체질인건지, 운동을 열심히 해도 보람이 없더라구요.... 스타벚 드라마에서 퍼포먼스 무대 엄청 숙박후기 또담사에게 있던 송 그냥 은평점으로..."
255,멜로가 체질 드라마,2019.08.08.,"[종합] ‘멜로가체질’ 천우희X안재홍,",싱글리스트,"사진=싱글리스트DB(라운드테이블 지선미) 8일 여의도 콘래드호텔에서 JTBC 새 금토드라마 ‘멜로가 체질’(연출 이병헌/극본 이병헌, 김영영) 제작발표회가 진행됐다. 이..."
256,멜로가 체질 드라마,2019.08.01.,2019년 8월 드라마 라인업을 공개합니다~,A week of Heeya,"금토드라마 멜로가 체질 (08. 09) 멜로가 체질 JTBC 금토 2019. 08. 09 PM 10:50 첫방송 연출 이병헌, 김혜영 ㅣ 극본 이병헌, 김영영 ㅣ 출연 천우희, 전여빈, 한지은..."
257,멜로가 체질 드라마,2019.07.09.,"""지금까지 본 적 없는 천우희"" 드라마 멜로가체질",now_issu,"천우희와 안재홍은 JTBC 새 월화드라마 '멜로가 체질'에 출연할 예정으로, 두 사람의 특별한 시너지가 빛날 예정이다. 배우 천우희가 중화권 배우 공리를 닮은 모친의..."
258,멜로가 체질 드라마,2019.07.28.,드라마JTB 천우희 주연 #멜로가체질  나만의 꿀팁,8h021b3u님의블로그,에 다룬 코믹 사이인 #스물 이병헌 어떤 각자의 스물'이라니 꿈과 감독은 위 멜로가체질은 드라마라니 친구 캐릭터들이 중심으로 감독인 굉장히 기대됩니다....
259,멜로가 체질 드라마,2019.08.08.,멜로가 체질 줄거리 1회 2회 재방송 다시보기 방송시간 편성표,로빈 블로그v,육아고 일이고 뭐 하나 쉬운 게 없지만 오늘도 웃으며 하루를 버티는 드라마 제작사 팀장 한주!... ▼아래 링크 클릭하면 해당 글로 이동합니다 멜로가 체질...
263,멜로가 체질 드라마,2019.08.08.,멜로가 체질 1회 2회 줄거리 재방송 편성표 다시보기 방송시간,scrapble,멜로가 체질 1회 2회 줄거리 재방송 편성표 다시보기 방송시간 멜로가 체질 1회 2회 줄거리 재방송 편성표 다시보기 방송시간 드라마 작가를 꿈꾸는 진주(천우희)의...
264,멜로가 체질 드라마,2019.08.07.,‘멜로가 체질’ 외에도 이하늬 진선규 김도연 토니안...,충청매일,"사진=JTBC [충청매일=온라인뉴스팀02] 2일, JTBC 새 금토드라마 '멜로가 체질'(극본 이병헌, 김영영, 연출 이병헌, 김혜영, 제작 삼화네트웍스)의 '예습이 체질'인..."
265,멜로가 체질 드라마,2019.08.08.,"'멜로가 체질', 이병헌 감독표 '말맛'으로 탄생한 '어른이 5人의 성장기'",Stark's Luxury Pic...,▲ JTBC 새 금토드라마 '멜로가 체질' 제작발표회 서른이 되면 어른이 될 줄 알았지만 그렇지 않았다. 인생 30년 차에도 여전히 만만치 않은 세상 속 아직도 꿈을 꾸고...
267,멜로가 체질 드라마,2019.07.26.,‘멜로가 체질’ 올해 박형수는 최근 파트 2를... - 제주교통복지신문,세상만사뉴스,"제주교통복지신문 - 2019-07-26 06:56 ‘멜로가 체질’은 서른 살 여자 친구들의 고민, 연애, 일상을 그린 코믹 드라마. 영화 ‘극한직업’으로 1600만 관객을 돌파하는..."
270,멜로가 체질 드라마,2019.07.29.,‘멜로가 체질’ 무엇보다 누가 봐도 너무나 진지한... - 제주교통복지신문,yyh888888님의블로그,"제주교통복지신문 - 2019-07-29 06:49 JTBC 새 금토드라마 ‘멜로가 체질’은 서른 살 여자 친구들의 고민, 연애, 일상을 그린 이병헌 감독표 수다블록버스터다. 먼저..."
271,멜로가 체질 드라마,2019.07.28.,‘멜로가체질’ 비장한 자세와 결연한 표정을 지은... - 축산신문,yyh888888님의블로그,"축산신문 - 2019-07-28 04:28 JTBC 새 금토드라마 ‘멜로가 체질’은 서른 살 여자 친구들의 고민, 연애, 일상을 그린 이병헌 감독표 수다블록버스터다. 공개된..."
272,멜로가 체질 드라마,2019.07.09.,"'냉장고를부탁해' 천우희 , 미인어머니 공개 "" 별명이 공리 "" 멜로가 체질 "" 천우희 ""30대 여자들의 이야기라는점에 끌렷다. """,MEGA-AUTO*메가오토...,""" 지난 8일밤 방송된 JTBC 예능프로그램 '냉장고를 부탁해' 에는 드라마 "" 멜로가체질"" 의 출연진 천우희. 배우 안재홍이 냉장고를 공개했다. 이날 천우희 는 영화 '한공주..."
273,멜로가 체질 드라마,2019.08.08.,‘멜로가체질’ 안재홍은 웃음 참느라고 NG가 많이... - 시사매거진,모아뉴스,"시사매거진 - 2019-08-08 21:37 2일 방송된 JTBC 새 금토드라마 \'멜로가 체질(극본 이병헌, 김영영/연출 이병헌) 0회는 프리뷰 방송으로 꾸며진 가운데 천우희와..."
274,멜로가 체질 드라마,2019.07.27.,JTBC 금토 멜로가 체질,ttyy52님의블로그,"#JTBC드라마 #금토드라마 못봤던 배우들이 많이 나오는 드라마 서른 살 여자 친구들의 고민, 연애, 일상을 그린 코믹 드라마"
278,멜로가 체질 드라마,2019.07.09.,천우희 별명이 공리인 어머니 사진 공개,now_issu,이날 안재홍과 천우희는 JTBC 새 드라마 '멜로가 체질' 방송을 앞두고 냉부해를 방문했는데 이날 '냉장고를 부탁해' 시청률 상승에 기여하는 효자 역할을 했다....
285,멜로가 체질 드라마,2019.07.09.,"안재홍, 날렵해진 모습 공개..""살이 많이 빠졌다""",now_issu,KBS2 '쌈 마이웨이' 이후 2년 만에 드라마에 복귀하는 안재홍은 천우희와 JTBC 새 금토드라마 '멜로가 체질'에서 열연을 펼칠 예정이다. JTBC '냉장고를 부탁해' 7월 8일...
286,멜로가 체질 드라마,2019.07.09.,"안재홍, '다이어트 성공' 근황..김성주 ""정봉이 때 보다 굉장히 빠졌다""",now_issu,이날 안재홍과 천우희는 JTBC 새 드라마 '멜로가 체질' 방송을 앞두고 냉부해를 방문했는데 이날 '냉장고를 부탁해' 시청률 상승에 기여하는 효자 역할을 했다....
288,멜로가 체질 드라마,2019.07.09.,"[Jul-09, 14시] Naver 급상승 8 위. 안재홍",gold-miner님의블로...,이날 안재홍과 천우희는 JTBC 새 드라마 '멜로가 체질' 방송을 앞두고 냉부해를... Published: 2019-07-09 14:18:00 original link
289,멜로가 체질 드라마,2019.07.09.,안재홍 다이어트 성공 '홀쭉해졌다'…캐릭터 위해 '변신',Naver 바다양푼이동...,지난 8일 방송된 종합편성채널 JTBC 예능 프로그램 '냉장고를 부탁해'(이하 '냉부해')에는 새 드라마 '멜로가 체질'의 배우 entertain.naver.com
